Hugo_Symbol	Entrez_Gene_Id	NCBI_Build	Chromosome	Start_Position	End_position	Strand	Variant_Classification	Variant_Type	Reference_Allele	Tumor_Seq_Allele1	Tumor_Seq_Allele2	Tumor_Sample_Barcode	Protein_Change	i_TumorVAF_WU	i_transcript_name
MSH6	ENSG00000116062	37	chr2	48027059	48027059	+	missense_variant	SNP	A	A	G	s_TFK	c.1937A>G_p.Lys646Arg	646	ENST00000234420
PALB2	ENSG00000083093	37	chr16	23641247	23641247	+	missense_variant	SNP	T	T	C	s_TFK	c.2228A>G_p.Tyr743Cys	743	ENST00000261584
MSH2	ENSG00000095002	37	chr2	47637371	47637371	+	missense_variant	SNP	A	A	G	s_TFK	c.505A>G_p.Ile169Val	169	ENST00000233146
ERBB2	ENSG00000141736	37	chr17	37883959	37883959	+	missense_variant	SNP	G	G	C	s_TFK	c.3340G>C_p.Asp1114His	1114	ENST00000406381
BARD1	ENSG00000138376	37	chr2	215645876	215645876	+	missense_variant	SNP	G	G	C	s_TFK	c.722C>G_p.Ser241Cys	241	ENST00000260947
ALK	ENSG00000171094	37	chr2	30143054	30143054	+	missense_variant	SNP	G	G	T	s_SNO398	c.472C>A_p.Pro158Thr	158	ENST00000389048
SETD1B	ENSG00000139718	37	chr12	122242676	122242676	+	missense_variant	SNP	C	C	G	s_SNO398	c.33C>G_p.His11Gln	11	ENST00000267197
ALK	ENSG00000171094	37	chr2	29449820	29449820	+	missense_variant	SNP	G	G	A	s_SNO398	c.3035C>T_p.Thr1012Met	1012	ENST00000389048
KDM3A	ENSG00000115548	37	chr2	86697366	86697366	+	missense_variant	SNP	T	T	A	s_SNO398	c.1559T>A_p.Leu520His	520	ENST00000409064
PTCH1	ENSG00000185920	37	chr9	98270535	98270535	+	missense_variant	SNP	C	C	G	s_SNO398	c.109G>C_p.Gly37Arg	37	ENST00000331920
TP53	ENSG00000141510	37	chr17	7578199	7578199	+	missense_variant	SNP	A	A	C	s_SNO398	c.650T>G_p.Val217Gly	217	ENST00000269305
SMAD4	ENSG00000141646	37	chr18	48604788	48604788	+	missense_variant	SNP	A	A	G	s_SNO398	c.1610A>G_p.Asp537Gly	537	ENST00000342988
FAT1	ENSG00000083857	37	chr4	187629902	187629902	+	missense_variant	SNP	G	G	C	s_SNO398	c.1080C>G_p.Phe360Leu	360	ENST00000441802
TSC1	ENSG00000165699	37	chr9	135787749	135787749	+	missense_variant	SNP	G	G	A	s_SNO398	c.833C>T_p.Ser278Phe	278	ENST00000298552
ALK	ENSG00000171094	37	chr2	29451801	29451801	+	missense_variant	SNP	C	C	T	s_M39	c.2764G>A_p.Gly922Arg	922	ENST00000389048
ERBB3	ENSG00000065361	37	chr12	56495092	56495092	+	missense_variant	SNP	G	G	A	s_M39	c.3449G>A_p.Gly1150Glu	1150	ENST00000267101
TP53	ENSG00000141510	37	chr17	7579323	7579323	+	frameshift_variant	SNP	CA	CA	C	s_M39	c.363delT	122	ENST00000269305
KDR	ENSG00000128052	37	chr4	55981522	55981522	+	missense_variant	SNP	T	T	G	s_M39	c.415A>C_p.Thr139Pro	139	ENST00000263923
TSC2	ENSG00000103197	37	chr16	2112989	2112989	+	missense_variant	SNP	G	G	A	s_M38	c.1378G>A_p.Ala460Thr	460	ENST00000219476
BRCA1	ENSG00000012048	37	chr17	41246876	41246876	+	synonymous_variant	SNP	A	A	C	s_M38	c.672T>G_p.	224	ENST00000357654
BAP1	ENSG00000163930	37	chr3	52436617	52436617	+	splice_donor_variant	SNP	C	C	G	s_M38	c.2056+1G>C	.	ENST00000460680
KMT2C	ENSG00000055609	37	chr7	151970858	151970858	+	missense_variant	SNP	C	C	T	s_M38	c.944G>A_p.Gly315Asp	315	ENST00000262189
FANCC	ENSG00000158169	37	chr9	98011545	98011545	+	missense_variant	SNP	C	C	T	s_M37	c.29G>A_p.Cys10Tyr	10	ENST00000289081
TET2	ENSG00000168769	37	chr4	106156019	106156019	+	missense_variant	SNP	T	T	G	s_M37	c.920T>G_p.Leu307Arg	307	ENST00000380013
TP53	ENSG00000141510	37	chr17	7577538	7577538	+	missense_variant	SNP	C	C	T	s_M37	c.743G>A_p.Arg248Gln	248	ENST00000269305
CREBBP	ENSG00000005339	37	chr16	3790548	3790548	+	synonymous_variant	SNP	G	G	A	s_M37	c.3985C>T_p.	1329	ENST00000262367
KMT2C	ENSG00000055609	37	chr7	151932949	151932949	+	missense_variant	SNP	C	C	A	s_M37	c.2722G>T_p.Gly908Cys	908	ENST00000262189
TET1	ENSG00000138336	37	chr10	70405541	70405541	+	stop_gained	SNP	A	A	T	s_M37	c.3055A>T_p.Lys1019X	1019	ENST00000373644
APC	ENSG00000134982	37	chr5	112162928	112162928	+	missense_variant	SNP	G	G	T	s_M37	c.1532G>T_p.Gly511Val	511	ENST00000257430
NRAS	ENSG00000213281	37	chr1	115256529	115256529	+	missense_variant	SNP	T	T	C	s_M34	c.182A>G_p.Gln61Arg	61	ENST00000369535
ALK	ENSG00000171094	37	chr2	29551332	29551332	+	missense_variant	SNP	G	G	A	s_M34	c.1298C>T_p.Ser433Phe	433	ENST00000389048
PARK2	ENSG00000185345	37	chr6	161781171	161781171	+	missense_variant	SNP	T	T	C	s_M34	c.1234A>G_p.Lys412Glu	412	ENST00000366898
FAT1	ENSG00000083857	37	chr4	187628419	187628419	+	missense_variant	SNP	C	C	T	s_M29	c.2563G>A_p.Gly855Arg	855	ENST00000441802
CDKN2A	ENSG00000147889	37	chr9	21971053	21971053	+	frameshift_variant	SNP	GC	GC	G	s_M29	c.304delG	102	ENST00000304494
TP53	ENSG00000141510	37	chr17	7577094	7577094	+	missense_variant	SNP	G	G	A	s_M29	c.844C>T_p.Arg282Trp	282	ENST00000269305
FAT1	ENSG00000083857	37	chr4	187557894	187557894	+	missense_variant	SNP	G	G	A	s_M29	c.3817C>T_p.His1273Tyr	1273	ENST00000441802
SETD1B	ENSG00000139718	37	chr12	122248133	122248133	+	missense_variant	SNP	T	T	C	s_M29	c.1282T>C_p.Phe428Leu	428	ENST00000267197
RFC1	ENSG00000035928	37	chr4	39304738	39304738	+	missense_variant	SNP	G	G	A	s_M29	c.2147C>T_p.Ala716Val	716	ENST00000381897
NF1	ENSG00000196712	37	chr17	29528178	29528178	+	splice_donor_variant	SNP	G	G	A	s_M24	c.1185+1G>A	.	ENST00000358273
FANCD2	ENSG00000144554	37	chr3	10091080	10091080	+	missense_variant	SNP	C	C	T	s_M24	c.1436C>T_p.Thr479Ile	479	ENST00000383807
TGFBR2	ENSG00000163513	37	chr3	30691907	30691907	+	frameshift_variant	SNP	TC	TC	T	s_M24	c.411delC	138	ENST00000295754
NF2	ENSG00000186575	37	chr22	30000094	30000094	+	missense_variant	SNP	A	A	G	s_M18	c.107A>G_p.Asn36Ser	36	ENST00000338641
MDC1	ENSG00000137337	37	chr6	30671747	30671747	+	missense_variant	SNP	T	T	A	s_M18	c.5213A>T_p.Asp1738Val	1738	ENST00000376406
MDC1	ENSG00000137337	37	chr6	30673481	30673481	+	missense_variant	SNP	G	G	T	s_M18	c.3479C>A_p.Pro1160Gln	1160	ENST00000376406
MDC1	ENSG00000137337	37	chr6	30671244	30671244	+	missense_variant	SNP	C	C	T	s_M18	c.5633G>A_p.Ser1878Asn	1878	ENST00000376406
MSH3	ENSG00000113318	37	chr5	79974830	79974830	+	missense_variant	SNP	A	A	G	s_M18	c.1258A>G_p.Ser420Gly	420	ENST00000265081
ARID1A	ENSG00000117713	37	chr1	27092783	27092783	+	missense_variant	SNP	A	A	G	s_M18	c.2804A>G_p.Asn935Ser	935	ENST00000324856
ERBB4	ENSG00000178568	37	chr2	212248444	212248444	+	missense_variant	SNP	G	G	A	s_M18	c.3823C>T_p.Arg1275Trp	1275	ENST00000342788
TET1	ENSG00000138336	37	chr10	70450700	70450700	+	missense_variant	SNP	G	G	T	s_M18	c.5540G>T_p.Gly1847Val	1847	ENST00000373644
BLM	ENSG00000197299	37	chr15	91290696	91290696	+	missense_variant	SNP	T	T	C	s_M18	c.74T>C_p.Leu25Ser	25	ENST00000355112
BIRC3	ENSG00000023445	37	chr11	102195643	102195643	+	missense_variant	SNP	C	C	T	s_KMOH	c.403C>T_p.Arg135Cys	135	ENST00000263464
ERBB2	ENSG00000141736	37	chr17	37866641	37866641	+	missense_variant	SNP	G	G	T	s_KMOH	c.718G>T_p.Ala240Ser	240	ENST00000406381
ASCC3	ENSG00000112249	37	chr6	101253658	101253658	+	missense_variant	SNP	A	A	T	s_KMOH	c.900T>A_p.Asp300Glu	300	ENST00000369162
KDR	ENSG00000128052	37	chr4	55981531	55981531	+	missense_variant	SNP	C	C	T	s_KMOH	c.406G>A_p.Val136Met	136	ENST00000263923
MTAP	ENSG00000099810	37	chr9	21816738	21816738	+	missense_variant	SNP	A	A	G	s_KMOH	c.146A>G_p.Lys49Arg	49	ENST00000380172
TP53	ENSG00000141510	37	chr17	7578190	7578190	+	missense_variant	SNP	T	T	C	s_KMOH	c.659A>G_p.Tyr220Cys	220	ENST00000269305
KMT2C	ENSG00000055609	37	chr7	151970840	151970840	+	missense_variant	SNP	C	C	T	s_KMOH	c.962G>A_p.Ser321Asn	321	ENST00000262189
DNMT3A	ENSG00000119772	37	chr2	25471121	25471121	+	missense_variant	SNP	C	C	A	s_KMOH	c.640G>T_p.Ala214Ser	214	ENST00000321117
TET2	ENSG00000168769	37	chr4	106155511	106155511	+	missense_variant	SNP	C	C	A	s_KMOH	c.412C>A_p.Gln138Lys	138	ENST00000380013
APC	ENSG00000134982	37	chr5	112162941	112162941	+	missense_variant	SNP	C	C	A	s_KMOH	c.1545C>A_p.Asn515Lys	515	ENST00000257430
MTAP	ENSG00000099810	37	chr9	21818122	21818122	+	missense_variant	SNP	A	A	G	s_KMOH	c.268A>G_p.Ile90Val	90	ENST00000380172
APC	ENSG00000134982	37	chr5	112174669	112174669	+	missense_variant	SNP	C	C	G	s_GBD1	c.3378C>G_p.Ser1126Arg	1126	ENST00000257430
SLX4	ENSG00000188827	37	chr16	3644524	3644524	+	missense_variant	SNP	G	G	A	s_GBD1	c.2090C>T_p.Thr697Met	697	ENST00000294008
FANCM	ENSG00000187790	37	chr14	45642337	45642337	+	missense_variant	SNP	A	A	G	s_GBD1	c.2240A>G_p.His747Arg	747	ENST00000267430
KMT2C	ENSG00000055609	37	chr7	151962126	151962126	+	missense_variant	SNP	C	C	T	s_GBD1	c.1181G>A_p.Cys394Tyr	394	ENST00000262189
FANCE	ENSG00000112039	37	chr6	35430691	35430691	+	synonymous_variant	SNP	C	C	T	s_GBD1	c.1509C>T_p.	503	ENST00000229769
TP53	ENSG00000141510	37	chr17	7577138	7577138	+	missense_variant	SNP	C	C	T	s_GBD1	c.800G>A_p.Arg267Gln	267	ENST00000269305
CCNE1	ENSG00000105173	37	chr19	30312650	30312650	+	missense_variant	SNP	C	C	T	s_GBD1	c.631C>T_p.His211Tyr	211	ENST00000262643
ATM	ENSG00000149311	37	chr11	108121666	108121666	+	missense_variant	SNP	T	T	C	s_GBD1	c.1474T>C_p.Phe492Leu	492	ENST00000278616
KMT2D	ENSG00000167548	37	chr12	49427360	49427360	+	stop_gained	SNP	C	C	A	s_GBD1	c.11128G>T_p.Gly3710X	3710	ENST00000301067
NCOR1	ENSG00000141027	37	chr17	15965078	15965078	+	missense_variant	SNP	T	T	C	s_GBD1	c.5518A>G_p.Lys1840Glu	1840	ENST00000268712
KMT2C	ENSG00000055609	37	chr7	151927367	151927367	+	missense_variant	SNP	C	C	T	s_GBD1	c.2809G>A_p.Glu937Lys	937	ENST00000262189
KMT2C	ENSG00000055609	37	chr7	152027735	152027735	+	stop_gained	SNP	C	C	A	s_GBD1	c.340G>T_p.Glu114X	114	ENST00000262189
BRCA2	ENSG00000139618	37	chr13	32914623	32914623	+	missense_variant	SNP	G	G	T	s_CAK.1	c.6131G>T_p.Gly2044Val	2044	ENST00000544455
MSH6	ENSG00000116062	37	chr2	48033981	48033981	+	frameshift_variant	SNP	T	T	TTTGA	s_CAK.1	c.4068_4071dupGATT	1358	ENST00000234420
TP53	ENSG00000141510	37	chr17	7578406	7578406	+	missense_variant	SNP	C	C	T	s_CAK.1	c.524G>A_p.Arg175His	175	ENST00000269305
KRAS	ENSG00000133703	37	chr12	25398284	25398284	+	missense_variant	SNP	C	C	T	s_CAK.1	c.35G>A_p.Gly12Asp	12	ENST00000311936
FGF23	ENSG00000118972	37	chr12	4479532	4479532	+	missense_variant	SNP	G	G	A	s_CAK.1	c.733C>T_p.Arg245Cys	245	ENST00000237837
KMT2D	ENSG00000167548	37	chr12	49444932	49444932	+	frameshift_variant	SNP	CG	CG	C	s_CAK.1	c.2533delC	845	ENST00000301067
ERBB3	ENSG00000065361	37	chr12	56490895	56490895	+	missense_variant	SNP	T	T	C	s_CAK.1	c.2341T>C_p.Ser781Pro	781	ENST00000267101
TET3	ENSG00000187605	37	chr2	74274330	74274330	+	missense_variant	SNP	C	C	G	s_CAK.1	c.881C>G_p.Pro294Arg	294	ENST00000409262
SETD2	ENSG00000181555	37	chr3	47098421	47098421	+	stop_gained	SNP	G	G	A	s_CAK.1	c.6853C>T_p.Gln2285X	2285	ENST00000409792
FBXW7	ENSG00000109670	37	chr4	153253852	153253852	+	stop_gained	SNP	G	G	C	s_CAK.1	c.881C>G_p.Ser294X	294	ENST00000281708
KMT2C	ENSG00000055609	37	chr7	151945093	151945093	+	missense_variant	SNP	C	C	A	s_CAK.1	c.2426G>T_p.Gly809Val	809	ENST00000262189
KMT2C	ENSG00000055609	37	chr7	151962278	151962278	+	missense_variant	SNP	G	G	C	s_CAK.1	c.1029C>G_p.Asn343Lys	343	ENST00000262189
TSC2	ENSG00000103197	37	chr16	2110765	2110765	+	missense_variant	SNP	C	C	T	s_B5813	c.1070C>T_p.Ala357Val	357	ENST00000219476
IDH2	ENSG00000182054	37	chr15	90631838	90631838	+	missense_variant	SNP	C	C	A	s_B5813	c.515G>T_p.Arg172Met	172	ENST00000330062
BAP1	ENSG00000163930	37	chr3	52442539	52442539	+	frameshift_variant	SNP	G	G	GT	s_B5813	c.205dupA	69	ENST00000460680
TET2	ENSG00000168769	37	chr4	106196695	106196695	+	frameshift_variant	SNP	TACAC	TACAC	T	s_B5813	c.5029_5032delACAC	1677	ENST00000380013
SETD1B	ENSG00000139718	37	chr12	122248505	122248505	+	missense_variant	SNP	C	C	T	s_B4913	c.1654C>T_p.Pro552Ser	552	ENST00000267197
TP53	ENSG00000141510	37	chr17	7578272	7578272	+	missense_variant	SNP	G	G	A	s_B4913	c.577C>T_p.His193Tyr	193	ENST00000269305
ERBB4	ENSG00000178568	37	chr2	212248354	212248354	+	missense_variant	SNP	T	T	C	s_B4913	c.3913A>G_p.Asn1305Asp	1305	ENST00000342788
BRAF	ENSG00000157764	37	chr7	140481397	140481397	+	missense_variant	SNP	C	C	A	s_B4913	c.1411G>T_p.Val471Phe	471	ENST00000288602
ERBB2	ENSG00000141736	37	chr17	37868208	37868208	+	missense_variant	SNP	C	C	T	s_B4513	c.839C>T_p.Ser280Phe	280	ENST00000406381
EP300	ENSG00000100393	37	chr22	41574578	41574578	+	missense_variant	SNP	A	A	G	s_B4513	c.6863A>G_p.Gln2288Arg	2288	ENST00000263253
BAP1	ENSG00000163930	37	chr3	52441415	52441415	+	missense_variant	SNP	C	C	T	s_B4513	c.437G>A_p.Arg146Lys	146	ENST00000460680
FAT1	ENSG00000083857	37	chr4	187628676	187628676	+	missense_variant	SNP	A	A	G	s_B4513	c.2306T>C_p.Met769Thr	769	ENST00000441802
TET2	ENSG00000168769	37	chr4	106156841	106156841	+	missense_variant	SNP	G	G	A	s_B4113	c.1742G>A_p.Arg581His	581	ENST00000380013
FAT1	ENSG00000083857	37	chr4	187630858	187630858	+	missense_variant	SNP	T	T	C	s_B4113	c.124A>G_p.Thr42Ala	42	ENST00000441802
SETD1B	ENSG00000139718	37	chr12	122248329	122248329	+	missense_variant	SNP	A	A	G	s_B4113	c.1478A>G_p.Glu493Gly	493	ENST00000267197
PDPR	ENSG00000090857	37	chr16	70190558	70190558	+	missense_variant	SNP	T	T	A	s_B4113	c.2416T>A_p.Tyr806Asn	806	ENST00000288050
CHEK2	ENSG00000183765	37	chr22	29091231	29091231	+	splice_acceptor_variant	SNP	C	C	A	s_B4113	c.1260-1G>T	.	ENST00000328354
BAP1	ENSG00000163930	37	chr3	52437707	52437707	+	stop_gained	SNP	G	G	T	s_B4113	c.1454C>A_p.Ser485X	485	ENST00000460680
NCOR1	ENSG00000141027	37	chr17	15942845	15942845	+	missense_variant	SNP	A	A	G	s_B2513	c.6857T>C_p.Met2286Thr	2286	ENST00000268712
NRAS	ENSG00000213281	37	chr1	115256529	115256529	+	missense_variant	SNP	T	T	C	s_B2513	c.182A>G_p.Gln61Arg	61	ENST00000369535
KMT2D	ENSG00000167548	37	chr12	49425348	49425348	+	frameshift_variant	SNP	T	T	TGGGG	s_B2513	c.13136_13139dupCCCC	4381	ENST00000301067
RAD18	ENSG00000070950	37	chr3	8990237	8990237	+	missense_variant	SNP	T	T	C	s_B2513	c.151A>G_p.Arg51Gly	51	ENST00000264926
BAP1	ENSG00000163930	37	chr3	52438531	52438531	+	frameshift_variant	SNP	ATC	ATC	A	s_B2513	c.1186_1187delGA	396	ENST00000460680
TET2	ENSG00000168769	37	chr4	106157729	106157729	+	missense_variant	SNP	A	A	G	s_B2513	c.2630A>G_p.Asp877Gly	877	ENST00000380013
MCL1	ENSG00000143384	37	chr1	150551463	150551463	+	missense_variant	SNP	T	T	G	s_B70.13	c.544A>C_p.Ile182Leu	182	ENST00000369026
NCOR1	ENSG00000141027	37	chr17	16004951	16004951	+	missense_variant	SNP	G	G	A	s_B70.13	c.2303C>T_p.Ala768Val	768	ENST00000268712
BLK	ENSG00000136573	37	chr8	11415531	11415531	+	missense_variant	SNP	T	T	C	s_B70.13	c.1013T>C_p.Ile338Thr	338	ENST00000259089
BAP1	ENSG00000163930	37	chr3	52437435	52437435	+	frameshift_variant	SNP	TCAGCGCCAGGGGACTCAGCACCCCATCCTCAGCCAGGTGCAGCAGGC	TCAGCGCCAGGGGACTCAGCACCCCATCCTCAGCCAGGTGCAGCAGGC	T	s_B70.13	c.1679_1725del47	560	ENST00000460680
RET	ENSG00000165731	37	chr10	43596008	43596008	+	missense_variant	SNP	G	G	A	s_B44.13	c.175G>A_p.Ala59Thr	59	ENST00000355710
KDM3A	ENSG00000115548	37	chr2	86669198	86669198	+	missense_variant	SNP	C	C	T	s_B44.13	c.28C>T_p.Pro10Ser	10	ENST00000409064
STAT1	ENSG00000115415	37	chr2	191845359	191845359	+	missense_variant	SNP	G	G	A	s_194_F2	c.1619C>T_p.Thr540Met	540	ENST00000361099
IDH1	ENSG00000138413	37	chr2	209113112	209113112	+	missense_variant	SNP	C	C	A	s_194_F2	c.395G>T_p.Arg132Leu	132	ENST00000446179
PBRM1	ENSG00000163939	37	chr3	52598243	52598243	+	missense_variant	SNP	C	C	T	s_194_F2	c.3623G>A_p.Cys1208Tyr	1208	ENST00000394830
FGFR3	ENSG00000068078	37	chr4	1806555	1806555	+	missense_variant	SNP	C	C	A	s_194_F2	c.1271C>A_p.Ser424Tyr	424	ENST00000440486
FANCC	ENSG00000158169	37	chr9	97897704	97897704	+	missense_variant	SNP	T	T	C	s_185_F1	c.767A>G_p.His256Arg	256	ENST00000289081
PBRM1	ENSG00000163939	37	chr3	52620664	52620664	+	missense_variant	SNP	T	T	C	s_185_F1	c.3089A>G_p.Asp1030Gly	1030	ENST00000394830
PBRM1	ENSG00000163939	37	chr3	52643327	52643327	+	splice_donor_variant	SNP	A	A	G	s_185_F1	c.2567+2T>C	.	ENST00000394830
ATM	ENSG00000149311	37	chr11	108188127	108188127	+	frameshift_variant	SNP	AT	AT	A	s_179_F2	c.6228delT	2077	ENST00000278616
TPTE2	ENSG00000132958	37	chr13	20010425	20010425	+	missense_variant	SNP	C	C	T	s_179_F2	c.1057G>A_p.Glu353Lys	353	ENST00000382977
ARID1A	ENSG00000117713	37	chr1	27024029	27024029	+	stop_gained	SNP	C	C	T	s_175_F2	c.1135C>T_p.Gln379X	379	ENST00000324856
ARID1A	ENSG00000117713	37	chr1	27058033	27058033	+	stop_gained	SNP	C	C	T	s_175_F2	c.1741C>T_p.Gln581X	581	ENST00000324856
ATM	ENSG00000149311	37	chr11	108236107	108236107	+	missense_variant	SNP	G	G	C	s_175_F2	c.9043G>C_p.Glu3015Gln	3015	ENST00000278616
BRCA2	ENSG00000139618	37	chr13	32953640	32953640	+	missense_variant	SNP	G	G	A	s_175_F2	c.8941G>A_p.Glu2981Lys	2981	ENST00000544455
BRIP1	ENSG00000136492	37	chr17	59761028	59761028	+	missense_variant	SNP	C	C	G	s_175_F2	c.3379G>C_p.Asp1127His	1127	ENST00000259008
CDKN2A	ENSG00000147889	37	chr9	21970971	21970971	+	stop_gained	SNP	G	G	C	s_175_F2	c.387C>G_p.Tyr129X	129	ENST00000304494
CTNNB1	ENSG00000168036	37	chr3	41266113	41266113	+	missense_variant	SNP	C	C	T	s_175_F2	c.110C>T_p.Ser37Phe	37	ENST00000349496
KMT2C	ENSG00000055609	37	chr7	151879417	151879417	+	stop_gained	SNP	G	G	T	s_175_F2	c.5528C>A_p.Ser1843X	1843	ENST00000262189
MSH6	ENSG00000116062	37	chr2	48025988	48025988	+	missense_variant	SNP	G	G	A	s_175_F2	c.866G>A_p.Gly289Asp	289	ENST00000234420
MSH6	ENSG00000116062	37	chr2	48010560	48010560	+	missense_variant	SNP	C	C	G	s_175_F2	c.188C>G_p.Ser63Cys	63	ENST00000234420
PIK3R5	ENSG00000141506	37	chr17	8785185	8785185	+	missense_variant	SNP	C	C	T	s_175_F2	c.2219G>A_p.Gly740Glu	740	ENST00000447110
SETD1B	ENSG00000139718	37	chr12	122261068	122261068	+	missense_variant	SNP	C	C	G	s_175_F2	c.4454C>G_p.Ser1485Cys	1485	ENST00000267197
TET1	ENSG00000138336	37	chr10	70404987	70404987	+	missense_variant	SNP	C	C	G	s_175_F2	c.2501C>G_p.Ser834Cys	834	ENST00000373644
TET1	ENSG00000138336	37	chr10	70405188	70405188	+	missense_variant	SNP	C	C	T	s_175_F2	c.2702C>T_p.Ser901Leu	901	ENST00000373644
TET2	ENSG00000168769	37	chr4	106156087	106156087	+	missense_variant	SNP	G	G	C	s_175_F2	c.988G>C_p.Glu330Gln	330	ENST00000380013
TSC2	ENSG00000103197	37	chr16	2138250	2138250	+	missense_variant	SNP	G	G	C	s_175_F2	c.5183G>C_p.Ser1728Thr	1728	ENST00000219476
NF1	ENSG00000196712	37	chr17	29528158	29528158	+	missense_variant	SNP	A	A	G	s_169_F2	c.1166A>G_p.His389Arg	389	ENST00000358273
PDPR	ENSG00000090857	37	chr16	70154499	70154499	+	missense_variant	SNP	G	G	T	s_169_F2	c.104G>T_p.Arg35Leu	35	ENST00000288050
FGFR2	ENSG00000066468	37	chr10	123279605	123279605	+	missense_variant	SNP	A	A	C	s_169_F2	c.827T>G_p.Phe276Cys	276	ENST00000358487
REV3L	ENSG00000009413	37	chr6	111695254	111695254	+	missense_variant	SNP	T	T	A	s_169_F2	c.4304A>T_p.Gln1435Leu	1435	ENST00000368802
USP1	ENSG00000162607	37	chr1	62916353	62916353	+	missense_variant	SNP	C	C	T	s_165_F2	c.2059C>T_p.Pro687Ser	687	ENST00000339950
ATM	ENSG00000149311	37	chr11	108164062	108164062	+	frameshift_variant	SNP	TAGTGATAG	TAGTGATAG	T	s_165_F2	c.4636_4643del8	1546	ENST00000278616
NCOR1	ENSG00000141027	37	chr17	16075224	16075224	+	missense_variant	SNP	G	G	A	s_165_F2	c.328C>T_p.Arg110Cys	110	ENST00000268712
KRAS	ENSG00000133703	37	chr12	25398284	25398284	+	missense_variant	SNP	C	C	T	s_148_F2	c.35G>A_p.Gly12Asp	12	ENST00000311936
NF1	ENSG00000196712	37	chr17	29483052	29483052	+	inframe_deletion	SNP	CACA	CACA	C	s_148_F2	c.117_119delCAA_p.Asn39del	39	ENST00000358273
ERBB3	ENSG00000065361	37	chr12	56487605	56487605	+	missense_variant	SNP	G	G	A	s_147_F2	c.1538G>A_p.Gly513Asp	513	ENST00000267101
FRS2	ENSG00000166225	37	chr12	69967825	69967825	+	missense_variant	SNP	G	G	T	s_147_F2	c.617G>T_p.Arg206Leu	206	ENST00000299293
TGFBR2	ENSG00000163513	37	chr3	30686394	30686394	+	missense_variant	SNP	T	T	A	s_147_F2	c.250T>A_p.Cys84Ser	84	ENST00000295754
KMT2C	ENSG00000055609	37	chr7	151927378	151927378	+	missense_variant	SNP	T	T	G	s_147_F2	c.2798A>C_p.Lys933Thr	933	ENST00000262189
BRCA1	ENSG00000012048	37	chr17	41219694	41219694	+	missense_variant	SNP	C	C	A	s_142_F2	c.5005G>T_p.Ala1669Ser	1669	ENST00000357654
GLI1	ENSG00000111087	37	chr12	57860089	57860089	+	missense_variant	SNP	A	A	G	s_142_F2	c.706A>G_p.Arg236Gly	236	ENST00000546141
AK5	ENSG00000154027	37	chr1	78001652	78001652	+	missense_variant	SNP	C	C	T	s_135_F4	c.1549C>T_p.Arg517Cys	517	ENST00000354567
MDM2	ENSG00000135679	37	chr12	69203017	69203017	+	missense_variant	SNP	C	C	T	s_135_F4	c.44C>T_p.Pro15Leu	15	ENST00000462284
PALB2	ENSG00000083093	37	chr16	23637593	23637593	+	stop_gained	SNP	C	C	T	s_135_F4	c.2712G>A_p.Trp904X	904	ENST00000261584
PALB2	ENSG00000083093	37	chr16	23641767	23641767	+	frameshift_variant	SNP	CT	CT	C	s_135_F4	c.1707delA	570	ENST00000261584
TP53	ENSG00000141510	37	chr17	7577106	7577106	+	missense_variant	SNP	G	G	C	s_135_F4	c.832C>G_p.Pro278Ala	278	ENST00000269305
BRAF	ENSG00000157764	37	chr7	140453136	140453136	+	missense_variant	SNP	A	A	T	s_135_F4	c.1799T>A_p.Val600Glu	600	ENST00000288602
KMT2C	ENSG00000055609	37	chr7	151859939	151859939	+	missense_variant	SNP	T	T	C	s_135_F4	c.10723A>G_p.Thr3575Ala	3575	ENST00000262189
KMT2C	ENSG00000055609	37	chr7	151927058	151927058	+	missense_variant	SNP	C	C	T	s_135_F4	c.2926G>A_p.Ala976Thr	976	ENST00000262189
KRAS	ENSG00000133703	37	chr12	25398285	25398285	+	missense_variant	SNP	C	C	A	s_116_F2	c.34G>T_p.Gly12Cys	12	ENST00000311936
SMAD4	ENSG00000141646	37	chr18	48581317	48581317	+	frameshift_variant	SNP	TGC	TGC	T	s_116_F2	c.622_623delGC	208	ENST00000342988
MET	ENSG00000105976	37	chr7	116381075	116381075	+	missense_variant	SNP	A	A	G	s_116_F2	c.1697A>G_p.Tyr566Cys	566	ENST00000397752
MSH2	ENSG00000095002	37	chr2	47710015	47710015	+	missense_variant	SNP	T	T	G	s_115_F3	c.2732T>G_p.Leu911Arg	911	ENST00000233146
IDH1	ENSG00000138413	37	chr2	209113113	209113113	+	missense_variant	SNP	G	G	C	s_115_F3	c.394C>G_p.Arg132Gly	132	ENST00000446179
PTEN	ENSG00000171862	37	chr10	89692904	89692904	+	stop_gained	SNP	C	C	T	s_103_F1	c.388C>T_p.Arg130X	130	ENST00000371953
ARID1A	ENSG00000117713	37	chr1	27105930	27105930	+	frameshift_variant	SNP	T	T	TG	s_103_F1	c.5548dupG	1850	ENST00000324856
TP53	ENSG00000141510	37	chr17	7577538	7577538	+	missense_variant	SNP	C	C	T	s_103_F1	c.743G>A_p.Arg248Gln	248	ENST00000269305
PTEN	ENSG00000171862	37	chr10	89692911	89692911	+	missense_variant	SNP	G	G	C	s_103_F1	c.395G>C_p.Gly132Ala	132	ENST00000371953
AKT1	ENSG00000142208	37	chr14	105243053	105243053	+	missense_variant	SNP	C	C	A	s_103_F1	c.230G>T_p.Cys77Phe	77	ENST00000555528
EP300	ENSG00000100393	37	chr22	41553372	41553372	+	missense_variant	SNP	A	A	T	s_103_F1	c.3461A>T_p.Asp1154Val	1154	ENST00000263253
CDKN2A	ENSG00000147889	37	chr9	21971120	21971120	+	stop_gained	SNP	G	G	A	s_103_F1	c.238C>T_p.Arg80X	80	ENST00000304494
NRAS	ENSG00000213281	37	chr1	115256529	115256529	+	missense_variant	SNP	T	T	C	s_83_F2	c.182A>G_p.Gln61Arg	61	ENST00000369535
NOTCH2	ENSG00000134250	37	chr1	120480009	120480009	+	missense_variant	SNP	C	C	A	s_83_F2	c.3418G>T_p.Gly1140Cys	1140	ENST00000256646
CREBBP	ENSG00000005339	37	chr16	3832793	3832793	+	missense_variant	SNP	C	C	T	s_83_F2	c.1465G>A_p.Gly489Arg	489	ENST00000262367
TP53	ENSG00000141510	37	chr17	7578397	7578397	+	frameshift_variant	SNP	TG	TG	T	s_83_F2	c.532delC	178	ENST00000269305
FANCD2	ENSG00000144554	37	chr3	10088351	10088351	+	stop_gained	SNP	C	C	T	s_55_F2	c.1222C>T_p.Arg408X	408	ENST00000383807
USP1	ENSG00000162607	37	chr1	62908833	62908833	+	missense_variant	SNP	A	A	T	s_55_F2	c.400A>T_p.Asn134Tyr	134	ENST00000339950
TP53	ENSG00000141510	37	chr17	7578437	7578437	+	stop_gained	SNP	G	G	A	s_55_F2	c.493C>T_p.Gln165X	165	ENST00000269305
ERBB4	ENSG00000178568	37	chr2	212652867	212652867	+	missense_variant	SNP	C	C	A	s_55_F2	c.439G>T_p.Val147Phe	147	ENST00000342788
FAT1	ENSG00000083857	37	chr4	187518916	187518916	+	missense_variant	SNP	T	T	G	s_42_F6	c.12288A>C_p.Glu4096Asp	4096	ENST00000441802
ARID1A	ENSG00000117713	37	chr1	27056249	27056249	+	frameshift_variant	SNP	TG	TG	T	s_42_F6	c.1248delG	417	ENST00000324856
KRAS	ENSG00000133703	37	chr12	25398281	25398281	+	missense_variant	SNP	C	C	T	s_42_F6	c.38G>A_p.Gly13Asp	13	ENST00000311936
TP53	ENSG00000141510	37	chr17	7578437	7578437	+	stop_gained	SNP	G	G	A	s_42_F6	c.493C>T_p.Gln165X	165	ENST00000269305
SMAD4	ENSG00000141646	37	chr18	48591892	48591892	+	missense_variant	SNP	G	G	T	s_42_F6	c.1055G>T_p.Gly352Val	352	ENST00000342988
PBRM1	ENSG00000163939	37	chr3	52661287	52661287	+	splice_donor_variant	SNP	A	A	G	s_42_F6	c.1541+2T>C	.	ENST00000394830
FANCE	ENSG00000112039	37	chr6	35423711	35423711	+	missense_variant	SNP	G	G	T	s_30_F2	c.436G>T_p.Val146Leu	146	ENST00000229769
TP53	ENSG00000141510	37	chr17	7578415	7578415	+	missense_variant	SNP	A	A	T	s_30_F2	c.515T>A_p.Val172Asp	172	ENST00000269305
SMAD4	ENSG00000141646	37	chr18	48604797	48604797	+	missense_variant	SNP	T	T	G	s_30_F2	c.1619T>G_p.Leu540Arg	540	ENST00000342988
CTNNB1	ENSG00000168036	37	chr3	41266125	41266125	+	missense_variant	SNP	C	C	T	s_30_F2	c.122C>T_p.Thr41Ile	41	ENST00000349496
